"Back to Contents","Data 1: Weekly U.S. Field Production of Crude Oil  (Thousand Barrels per Day)"
"Sourcekey","WCRFPUS2"
"Date","Weekly U.S. Field Production of Crude Oil  (Thousand Barrels per Day)"
"30323.0","8634.0"
"30330.0","8634.0"
"30337.0","8634.0"
"30344.0","8634.0"
"30351.0","8660.0"
"30358.0","8660.0"
"30365.0","8660.0"
"30372.0","8660.0"
"30379.0","8677.0"
"30386.0","8677.0"
"30393.0","8677.0"
"30400.0","8677.0"
"30407.0","8677.0"
"30414.0","8686.0"
"30421.0","8686.0"
"30435.0","8686.0"
"30449.0","8682.0"
"30456.0","8682.0"
"30470.0","8676.0"
"30477.0","8676.0"
"30484.0","8676.0"
"30491.0","8676.0"
"30498.0","8676.0"
"30505.0","8647.0"
"30512.0","8647.0"
"30519.0","8647.0"
"30526.0","8647.0"
"30533.0","8653.0"
"30540.0","8653.0"
"30547.0","8653.0"
"30554.0","8653.0"
"30561.0","8666.0"
"30568.0","8666.0"
"30575.0","8666.0"
"30582.0","8666.0"
"30589.0","8666.0"
"30596.0","8654.0"
"30603.0","8654.0"
"30610.0","8654.0"
"30617.0","8654.0"
"30624.0","8624.0"
"30631.0","8624.0"
"30638.0","8624.0"
"30645.0","8624.0"
"30652.0","8612.0"
"30659.0","8612.0"
"30666.0","8612.0"
"30673.0","8612.0"
"30680.0","8612.0"
"30687.0","8659.0"
"30694.0","8659.0"
"30701.0","8659.0"
"30708.0","8659.0"
"30715.0","8726.0"
"30722.0","8726.0"
"30729.0","8726.0"
"30736.0","8726.0"
"30743.0","8718.0"
"30750.0","8718.0"
"30757.0","8718.0"
"30764.0","8718.0"
"30771.0","8718.0"
"30778.0","8688.0"
"30785.0","8688.0"
"30792.0","8688.0"
"30799.0","8688.0"
"30806.0","8753.0"
"30813.0","8753.0"
"30820.0","8753.0"
"30827.0","8753.0"
"30834.0","8743.0"
"30841.0","8743.0"
"30848.0","8743.0"
"30855.0","8743.0"
"30862.0","8743.0"
"30869.0","8769.0"
"30876.0","8769.0"
"30883.0","8769.0"
"30890.0","8769.0"
"30897.0","8781.0"
"30904.0","8781.0"
"30911.0","8781.0"
"30918.0","8781.0"
"30925.0","8781.0"
"30932.0","8759.0"
"30939.0","8759.0"
"30946.0","8759.0"
"30953.0","8759.0"
"30960.0","8847.0"
"30967.0","8847.0"
"30974.0","8847.0"
"30981.0","8847.0"
"30988.0","8846.0"
"30995.0","8846.0"
"31002.0","8846.0"
"31009.0","8846.0"
"31016.0","8846.0"
"31023.0","8797.0"
"31030.0","8797.0"
"31037.0","8797.0"
"31044.0","8797.0"
"31051.0","8929.0"
"31058.0","8929.0"
"31065.0","8929.0"
"31072.0","8929.0"
"31079.0","8928.0"
"31086.0","8928.0"
"31093.0","8928.0"
"31100.0","8928.0"
"31107.0","8927.0"
"31114.0","8927.0"
"31121.0","8927.0"
"31128.0","8927.0"
"31135.0","8927.0"
"31142.0","8842.0"
"31149.0","8842.0"
"31156.0","8842.0"
"31163.0","8842.0"
"31170.0","8969.0"
"31177.0","8969.0"
"31184.0","8969.0"
"31191.0","8969.0"
"31198.0","8969.0"
"31205.0","8965.0"
"31212.0","8965.0"
"31219.0","8965.0"
"31226.0","8965.0"
"31233.0","8904.0"
"31240.0","8904.0"
"31247.0","8904.0"
"31254.0","8904.0"
"31261.0","8895.0"
"31268.0","8895.0"
"31275.0","8895.0"
"31282.0","8895.0"
"31289.0","8895.0"
"31296.0","8874.0"
"31303.0","8874.0"
"31310.0","8874.0"
"31317.0","8874.0"
"31324.0","8943.0"
"31331.0","8943.0"
"31338.0","8943.0"
"31345.0","8943.0"
"31352.0","8932.0"
"31359.0","8932.0"
"31366.0","8932.0"
"31373.0","8932.0"
"31380.0","8932.0"
"31387.0","8930.0"
"31394.0","8930.0"
"31401.0","8930.0"
"31408.0","8930.0"
"31415.0","8942.0"
"31422.0","8942.0"
"31429.0","8942.0"
"31436.0","8942.0"
"31443.0","8942.0"
"31450.0","8940.0"
"31457.0","8940.0"
"31464.0","8940.0"
"31471.0","8939.0"
"31478.0","8939.0"
"31485.0","8939.0"
"31492.0","8939.0"
"31499.0","8939.0"
"31506.0","8815.0"
"31513.0","8815.0"
"31520.0","8815.0"
"31527.0","8815.0"
"31534.0","8805.0"
"31541.0","8805.0"
"31548.0","8805.0"
"31555.0","8805.0"
"31562.0","8805.0"
"31569.0","8792.0"
"31576.0","8792.0"
"31583.0","8792.0"
"31590.0","8792.0"
"31597.0","8737.0"
"31604.0","8737.0"
"31611.0","8737.0"
"31618.0","8737.0"
"31625.0","8737.0"
"31632.0","8708.0"
"31639.0","8708.0"
"31646.0","8708.0"
"31653.0","8708.0"
"31660.0","8671.0"
"31667.0","8671.0"
"31674.0","8671.0"
"31681.0","8671.0"
"31688.0","8773.0"
"31695.0","8773.0"
"31702.0","8773.0"
"31709.0","8773.0"
"31716.0","8773.0"
"31723.0","8321.0"
"31730.0","8321.0"
"31737.0","8321.0"
"31744.0","8321.0"
"31751.0","8348.0"
"31758.0","8348.0"
"31765.0","8348.0"
"31772.0","8348.0"
"31779.0","8353.0"
"31786.0","8354.0"
"31793.0","8354.0"
"31800.0","8354.0"
"31807.0","8354.0"
"31814.0","8383.0"
"31821.0","8383.0"
"31828.0","8383.0"
"31835.0","8383.0"
"31842.0","8336.0"
"31849.0","8336.0"
"31856.0","8336.0"
"31863.0","8336.0"
"31870.0","8361.0"
"31877.0","8361.0"
"31884.0","8361.0"
"31891.0","8361.0"
"31898.0","8361.0"
"31905.0","8296.0"
"31912.0","8296.0"
"31919.0","8296.0"
"31926.0","8296.0"
"31933.0","8303.0"
"31940.0","8303.0"
"31947.0","8303.0"
"31954.0","8303.0"
"31961.0","8287.0"
"31968.0","8287.0"
"31975.0","8287.0"
"31982.0","8287.0"
"31989.0","8287.0"
"31996.0","8204.0"
"32003.0","8204.0"
"32010.0","8204.0"
"32017.0","8204.0"
"32024.0","8162.0"
"32031.0","8162.0"
"32038.0","8162.0"
"32045.0","8162.0"
"32052.0","8281.0"
"32059.0","8281.0"
"32066.0","8281.0"
"32073.0","8281.0"
"32080.0","8281.0"
"32087.0","8283.0"
"32094.0","8283.0"
"32101.0","8283.0"
"32108.0","8283.0"
"32115.0","8348.0"
"32122.0","8348.0"
"32129.0","8348.0"
"32136.0","8348.0"
"32143.0","8348.0"
"32150.0","8395.0"
"32157.0","8395.0"
"32164.0","8395.0"
"32171.0","8395.0"
"32178.0","8353.0"
"32185.0","8353.0"
"32192.0","8353.0"
"32199.0","8353.0"
"32206.0","8306.0"
"32213.0","8306.0"
"32220.0","8306.0"
"32227.0","8306.0"
"32234.0","8306.0"
"32241.0","8269.0"
"32248.0","8269.0"
"32255.0","8269.0"
"32262.0","8269.0"
"32269.0","8240.0"
"32276.0","8240.0"
"32283.0","8240.0"
"32290.0","8240.0"
"32297.0","8210.0"
"32304.0","8210.0"
"32311.0","8210.0"
"32318.0","8210.0"
"32325.0","8210.0"
"32332.0","8189.0"
"32339.0","8189.0"
"32346.0","8189.0"
"32353.0","8189.0"
"32360.0","8128.0"
"32367.0","8128.0"
"32374.0","8128.0"
"32381.0","8128.0"
"32388.0","8147.0"
"32395.0","8147.0"
"32402.0","8147.0"
"32409.0","8147.0"
"32416.0","8147.0"
"32423.0","8085.0"
"32430.0","8085.0"
"32437.0","8085.0"
"32444.0","8085.0"
"32451.0","8026.0"
"32458.0","8026.0"
"32465.0","8026.0"
"32472.0","8026.0"
"32479.0","8035.0"
"32486.0","8035.0"
"32493.0","8035.0"
"32500.0","8035.0"
"32507.0","8035.0"
"32514.0","8021.0"
"32521.0","8021.0"
"32528.0","8021.0"
"32535.0","8021.0"
"32542.0","7965.0"
"32549.0","7965.0"
"32556.0","7965.0"
"32563.0","7965.0"
"32570.0","7921.0"
"32577.0","7921.0"
"32584.0","7921.0"
"32591.0","7921.0"
"32598.0","7921.0"
"32605.0","7880.0"
"32612.0","7880.0"
"32619.0","7880.0"
"32626.0","7880.0"
"32633.0","7843.0"
"32640.0","7843.0"
"32647.0","7843.0"
"32654.0","7843.0"
"32661.0","7726.0"
"32668.0","7726.0"
"32675.0","7726.0"
"32682.0","7726.0"
"32689.0","7726.0"
"32696.0","7622.0"
"32703.0","7622.0"
"32710.0","7622.0"
"32717.0","7622.0"
"32724.0","7662.0"
"32731.0","7662.0"
"32738.0","7662.0"
"32745.0","7662.0"
"32752.0","7662.0"
"32759.0","7641.0"
"32766.0","7641.0"
"32773.0","7641.0"
"32780.0","7641.0"
"32787.0","7644.0"
"32794.0","7644.0"
"32801.0","7644.0"
"32808.0","7644.0"
"32815.0","7601.0"
"32822.0","7601.0"
"32829.0","7601.0"
"32836.0","7601.0"
"32843.0","7601.0"
"32850.0","7565.0"
"32857.0","7565.0"
"32864.0","7565.0"
"32871.0","7565.0"
"32878.0","7512.0"
"32885.0","7512.0"
"32892.0","7512.0"
"32899.0","7512.0"
"32906.0","7399.0"
"32913.0","7399.0"
"32920.0","7399.0"
"32927.0","7399.0"
"32934.0","7411.0"
"32941.0","7411.0"
"32948.0","7411.0"
"32955.0","7411.0"
"32962.0","7411.0"
"32969.0","7310.0"
"32976.0","7310.0"
"32983.0","7310.0"
"32990.0","7310.0"
"32997.0","7241.0"
"33004.0","7241.0"
"33011.0","7241.0"
"33018.0","7241.0"
"33025.0","7241.0"
"33032.0","6981.0"
"33039.0","6981.0"
"33046.0","6981.0"
"33053.0","6981.0"
"33060.0","7130.0"
"33067.0","7130.0"
"33074.0","7130.0"
"33081.0","7130.0"
"33088.0","6971.0"
"33095.0","6971.0"
"33102.0","6971.0"
"33109.0","6971.0"
"33116.0","6971.0"
"33123.0","6991.0"
"33130.0","6991.0"
"33137.0","7041.0"
"33144.0","7041.0"
"33151.0","7261.0"
"33158.0","7261.0"
"33165.0","7261.0"
"33172.0","7329.0"
"33179.0","7342.0"
"33186.0","7284.0"
"33193.0","6910.0"
"33200.0","7440.0"
"33207.0","7235.0"
"33214.0","6996.0"
"33221.0","7474.0"
"33228.0","7245.0"
"33235.0","7559.0"
"33242.0","7481.0"
"33249.0","7475.0"
"33256.0","7461.0"
"33263.0","7219.0"
"33270.0","7477.0"
"33277.0","7463.0"
"33284.0","7427.0"
"33291.0","7415.0"
"33298.0","7404.0"
"33305.0","7394.0"
"33312.0","7412.0"
"33319.0","7385.0"
"33326.0","7383.0"
"33333.0","7356.0"
"33340.0","7334.0"
"33347.0","7370.0"
"33354.0","7346.0"
"33361.0","7295.0"
"33368.0","7303.0"
"33375.0","7280.0"
"33382.0","7336.0"
"33389.0","7323.0"
"33396.0","7301.0"
"33403.0","7359.0"
"33410.0","7338.0"
"33417.0","7377.0"
"33424.0","7383.0"
"33431.0","7365.0"
"33438.0","7348.0"
"33445.0","7355.0"
"33452.0","7342.0"
"33459.0","7228.0"
"33466.0","7302.0"
"33473.0","7215.0"
"33480.0","7274.0"
"33487.0","7150.0"
"33494.0","7267.0"
"33501.0","7327.0"
"33508.0","7365.0"
"33515.0","7381.0"
"33522.0","7387.0"
"33529.0","7381.0"
"33536.0","7384.0"
"33543.0","7359.0"
"33550.0","7140.0"
"33557.0","7426.0"
"33564.0","7388.0"
"33571.0","7226.0"
"33578.0","7376.0"
"33585.0","6731.0"
"33592.0","7451.0"
"33599.0","7449.0"
"33606.0","7422.0"
"33613.0","7410.0"
"33620.0","7235.0"
"33627.0","7343.0"
"33634.0","7357.0"
"33641.0","7382.0"
"33648.0","7364.0"
"33655.0","7329.0"
"33662.0","7365.0"
"33669.0","7357.0"
"33676.0","7345.0"
"33683.0","7324.0"
"33690.0","7283.0"
"33697.0","7327.0"
"33704.0","7277.0"
"33711.0","7353.0"
"33718.0","7238.0"
"33725.0","7235.0"
"33732.0","7248.0"
"33739.0","7160.0"
"33746.0","7205.0"
"33753.0","7219.0"
"33760.0","7240.0"
"33767.0","7228.0"
"33774.0","7218.0"
"33781.0","7194.0"
"33788.0","7221.0"
"33795.0","7125.0"
"33802.0","7144.0"
"33809.0","7095.0"
"33816.0","7059.0"
"33823.0","7124.0"
"33830.0","6990.0"
"33837.0","7120.0"
"33844.0","6678.0"
"33851.0","6847.0"
"33858.0","6955.0"
"33865.0","7012.0"
"33872.0","7049.0"
"33879.0","7046.0"
"33886.0","7011.0"
"33893.0","7032.0"
"33900.0","7036.0"
"33907.0","7041.0"
"33914.0","7011.0"
"33921.0","6954.0"
"33928.0","6987.0"
"33935.0","7064.0"
"33942.0","7074.0"
"33949.0","7087.0"
"33956.0","7098.0"
"33963.0","7053.0"
"33970.0","6995.0"
"33977.0","7015.0"
"33984.0","6994.0"
"33991.0","7043.0"
"33998.0","7035.0"
"34005.0","7031.0"
"34012.0","7033.0"
"34019.0","6960.0"
"34026.0","6981.0"
"34033.0","7018.0"
"34040.0","6981.0"
"34047.0","6979.0"
"34054.0","6964.0"
"34061.0","6971.0"
"34068.0","6883.0"
"34075.0","6896.0"
"34082.0","6912.0"
"34089.0","6913.0"
"34096.0","6902.0"
"34103.0","6846.0"
"34110.0","6818.0"
"34117.0","6842.0"
"34124.0","6789.0"
"34131.0","6817.0"
"34138.0","6766.0"
"34145.0","6749.0"
"34152.0","6742.0"
"34159.0","6772.0"
"34166.0","6643.0"
"34173.0","6540.0"
"34180.0","6730.0"
"34187.0","6753.0"
"34194.0","6761.0"
"34201.0","6774.0"
"34208.0","6790.0"
"34215.0","6734.0"
"34222.0","6665.0"
"34229.0","6706.0"
"34236.0","6650.0"
"34243.0","6684.0"
"34250.0","6654.0"
"34257.0","6772.0"
"34264.0","6837.0"
"34271.0","6868.0"
"34278.0","6872.0"
"34285.0","6882.0"
"34292.0","6847.0"
"34299.0","6878.0"
"34306.0","6943.0"
"34313.0","6923.0"
"34320.0","6897.0"
"34327.0","6854.0"
"34334.0","6857.0"
"34341.0","6875.0"
"34348.0","6880.0"
"34355.0","6845.0"
"34362.0","6886.0"
"34369.0","6836.0"
"34376.0","6802.0"
"34383.0","6546.0"
"34390.0","6792.0"
"34397.0","6763.0"
"34404.0","6704.0"
"34411.0","6728.0"
"34418.0","6599.0"
"34425.0","6683.0"
"34432.0","6641.0"
"34439.0","6711.0"
"34446.0","6292.0"
"34453.0","6748.0"
"34460.0","6706.0"
"34467.0","6657.0"
"34474.0","6732.0"
"34481.0","6629.0"
"34488.0","6695.0"
"34495.0","6530.0"
"34502.0","6648.0"
"34509.0","6656.0"
"34516.0","6604.0"
"34523.0","6591.0"
"34530.0","6618.0"
"34537.0","6522.0"
"34544.0","6566.0"
"34551.0","6582.0"
"34558.0","6521.0"
"34565.0","6540.0"
"34572.0","6583.0"
"34579.0","6552.0"
"34586.0","6545.0"
"34593.0","6526.0"
"34600.0","6595.0"
"34607.0","6640.0"
"34614.0","6692.0"
"34621.0","6703.0"
"34628.0","6703.0"
"34635.0","6633.0"
"34642.0","6620.0"
"34649.0","6616.0"
"34656.0","6668.0"
"34663.0","6626.0"
"34670.0","6472.0"
"34677.0","6670.0"
"34684.0","6655.0"
"34691.0","6703.0"
"34698.0","6675.0"
"34705.0","6651.0"
"34712.0","6672.0"
"34719.0","6571.0"
"34726.0","6526.0"
"34733.0","6662.0"
"34740.0","6595.0"
"34747.0","6613.0"
"34754.0","6546.0"
"34761.0","6660.0"
"34768.0","6598.0"
"34775.0","6632.0"
"34782.0","6474.0"
"34789.0","6380.0"
"34796.0","6554.0"
"34803.0","6597.0"
"34810.0","6603.0"
"34817.0","6539.0"
"34824.0","6604.0"
"34831.0","6610.0"
"34838.0","6598.0"
"34845.0","6626.0"
"34852.0","6592.0"
"34859.0","6593.0"
"34866.0","6560.0"
"34873.0","6529.0"
"34880.0","6545.0"
"34887.0","6518.0"
"34894.0","6448.0"
"34901.0","6417.0"
"34908.0","6484.0"
"34915.0","6444.0"
"34922.0","6476.0"
"34929.0","6475.0"
"34936.0","6483.0"
"34943.0","6507.0"
"34950.0","6491.0"
"34957.0","6248.0"
"34964.0","6414.0"
"34971.0","6450.0"
"34978.0","6215.0"
"34985.0","6404.0"
"34992.0","6497.0"
"34999.0","6512.0"
"35006.0","6539.0"
"35013.0","6516.0"
"35020.0","6493.0"
"35027.0","6484.0"
"35034.0","6450.0"
"35041.0","6428.0"
"35048.0","6411.0"
"35055.0","6467.0"
"35062.0","6474.0"
"35069.0","6464.0"
"35076.0","6498.0"
"35083.0","6516.0"
"35090.0","6405.0"
"35097.0","6413.0"
"35104.0","6505.0"
"35111.0","6511.0"
"35118.0","6501.0"
"35125.0","6496.0"
"35132.0","6461.0"
"35139.0","6490.0"
"35146.0","6473.0"
"35153.0","6440.0"
"35160.0","6441.0"
"35167.0","6390.0"
"35174.0","6425.0"
"35181.0","6173.0"
"35188.0","6454.0"
"35195.0","6065.0"
"35202.0","6363.0"
"35209.0","6412.0"
"35216.0","6392.0"
"35223.0","6421.0"
"35230.0","6515.0"
"35237.0","6452.0"
"35244.0","6489.0"
"35251.0","6499.0"
"35258.0","6499.0"
"35265.0","6345.0"
"35272.0","6394.0"
"35279.0","6297.0"
"35286.0","6286.0"
"35293.0","6445.0"
"35300.0","6481.0"
"35307.0","6526.0"
"35314.0","6497.0"
"35321.0","6498.0"
"35328.0","6467.0"
"35335.0","6520.0"
"35342.0","6485.0"
"35349.0","6485.0"
"35356.0","6523.0"
"35363.0","6514.0"
"35370.0","6513.0"
"35377.0","6541.0"
"35384.0","6531.0"
"35391.0","6512.0"
"35398.0","6538.0"
"35405.0","6534.0"
"35412.0","6518.0"
"35419.0","6523.0"
"35426.0","6506.0"
"35433.0","6454.0"
"35440.0","6499.0"
"35447.0","6476.0"
"35454.0","6513.0"
"35461.0","6505.0"
"35468.0","6483.0"
"35475.0","6502.0"
"35482.0","6496.0"
"35489.0","6501.0"
"35496.0","6440.0"
"35503.0","6449.0"
"35510.0","6391.0"
"35517.0","6409.0"
"35524.0","6493.0"
"35531.0","6433.0"
"35538.0","6412.0"
"35545.0","6465.0"
"35552.0","6409.0"
"35559.0","6430.0"
"35566.0","6426.0"
"35573.0","6423.0"
"35580.0","6439.0"
"35587.0","6435.0"
"35594.0","6415.0"
"35601.0","6334.0"
"35608.0","6357.0"
"35615.0","6338.0"
"35622.0","6351.0"
"35629.0","6352.0"
"35636.0","6337.0"
"35643.0","6360.0"
"35650.0","6127.0"
"35657.0","6221.0"
"35664.0","6387.0"
"35671.0","6400.0"
"35678.0","6362.0"
"35685.0","6393.0"
"35692.0","6366.0"
"35699.0","6396.0"
"35706.0","6375.0"
"35713.0","6371.0"
"35720.0","6408.0"
"35727.0","6407.0"
"35734.0","6400.0"
"35741.0","6418.0"
"35748.0","6385.0"
"35755.0","6390.0"
"35762.0","6416.0"
"35769.0","6448.0"
"35776.0","6440.0"
"35783.0","6463.0"
"35790.0","6462.0"
"35797.0","6459.0"
"35804.0","6430.0"
"35811.0","6376.0"
"35818.0","6359.0"
"35825.0","6377.0"
"35832.0","6412.0"
"35839.0","6424.0"
"35846.0","6415.0"
"35853.0","6368.0"
"35860.0","6440.0"
"35867.0","6420.0"
"35874.0","6336.0"
"35881.0","6405.0"
"35888.0","6443.0"
"35895.0","6407.0"
"35902.0","6417.0"
"35909.0","6397.0"
"35916.0","6422.0"
"35923.0","6422.0"
"35930.0","6378.0"
"35937.0","6368.0"
"35944.0","6346.0"
"35951.0","6333.0"
"35958.0","6372.0"
"35965.0","6383.0"
"35972.0","6269.0"
"35979.0","6311.0"
"35986.0","6354.0"
"35993.0","6351.0"
"36000.0","6354.0"
"36007.0","6340.0"
"36014.0","6336.0"
"36021.0","6319.0"
"36028.0","6315.0"
"36035.0","6346.0"
"36042.0","6349.0"
"36049.0","6366.0"
"36056.0","6411.0"
"36063.0","6396.0"
"36070.0","5950.0"
"36077.0","6368.0"
"36084.0","6418.0"
"36091.0","6442.0"
"36098.0","6417.0"
"36105.0","6398.0"
"36112.0","6401.0"
"36119.0","6399.0"
"36126.0","6401.0"
"36133.0","6390.0"
"36140.0","6390.0"
"36147.0","6449.0"
"36154.0","6437.0"
"36161.0","6342.0"
"36168.0","6393.0"
"36175.0","6373.0"
"36182.0","6352.0"
"36189.0","6363.0"
"36196.0","6369.0"
"36203.0","6052.0"
"36210.0","5899.0"
"36217.0","5911.0"
"36224.0","5920.0"
"36231.0","5895.0"
"36238.0","5894.0"
"36245.0","5864.0"
"36252.0","5879.0"
"36259.0","5740.0"
"36266.0","5849.0"
"36273.0","5707.0"
"36280.0","5877.0"
"36287.0","5835.0"
"36294.0","5804.0"
"36301.0","5857.0"
"36308.0","5845.0"
"36315.0","5864.0"
"36322.0","5868.0"
"36329.0","5926.0"
"36336.0","5884.0"
"36343.0","5662.0"
"36350.0","5808.0"
"36357.0","5952.0"
"36364.0","5927.0"
"36371.0","5898.0"
"36378.0","5925.0"
"36385.0","5950.0"
"36392.0","5970.0"
"36399.0","5994.0"
"36406.0","6014.0"
"36413.0","5917.0"
"36420.0","5692.0"
"36427.0","5973.0"
"36434.0","6032.0"
"36441.0","6082.0"
"36448.0","6090.0"
"36455.0","6101.0"
"36462.0","6111.0"
"36469.0","6134.0"
"36476.0","6128.0"
"36483.0","6059.0"
"36490.0","6006.0"
"36497.0","6087.0"
"36504.0","6057.0"
"36511.0","6043.0"
"36518.0","6058.0"
"36525.0","6043.0"
"36532.0","6000.0"
"36539.0","6019.0"
"36546.0","6013.0"
"36553.0","5988.0"
"36560.0","6011.0"
"36567.0","5994.0"
"36574.0","5989.0"
"36581.0","6007.0"
"36588.0","5974.0"
"36595.0","5857.0"
"36602.0","5859.0"
"36609.0","5863.0"
"36616.0","5873.0"
"36623.0","5820.0"
"36630.0","5840.0"
"36637.0","5836.0"
"36644.0","5838.0"
"36651.0","5798.0"
"36658.0","5757.0"
"36665.0","5793.0"
"36672.0","5784.0"
"36679.0","5704.0"
"36686.0","5804.0"
"36693.0","5791.0"
"36700.0","5726.0"
"36707.0","5732.0"
"36714.0","5766.0"
"36721.0","5788.0"
"36728.0","5769.0"
"36735.0","5764.0"
"36742.0","5778.0"
"36749.0","5745.0"
"36756.0","5773.0"
"36763.0","5782.0"
"36770.0","5783.0"
"36777.0","5802.0"
"36784.0","5803.0"
"36791.0","5680.0"
"36798.0","5862.0"
"36805.0","5867.0"
"36812.0","5864.0"
"36819.0","5880.0"
"36826.0","5894.0"
"36833.0","5903.0"
"36840.0","5889.0"
"36847.0","5854.0"
"36854.0","5883.0"
"36861.0","5925.0"
"36868.0","5903.0"
"36875.0","5897.0"
"36882.0","5875.0"
"36889.0","5903.0"
"36896.0","5944.0"
"36903.0","5949.0"
"36910.0","5912.0"
"36917.0","5935.0"
"36924.0","5929.0"
"36931.0","5866.0"
"36938.0","5857.0"
"36945.0","5875.0"
"36952.0","5876.0"
"36959.0","5868.0"
"36966.0","5883.0"
"36973.0","5868.0"
"36980.0","5883.0"
"36987.0","5867.0"
"36994.0","5855.0"
"37001.0","5861.0"
"37008.0","5884.0"
"37015.0","5831.0"
"37022.0","5780.0"
"37029.0","5785.0"
"37036.0","5819.0"
"37043.0","5823.0"
"37050.0","5746.0"
"37057.0","5726.0"
"37064.0","5740.0"
"37071.0","5756.0"
"37078.0","5756.0"
"37085.0","5770.0"
"37092.0","5731.0"
"37099.0","5705.0"
"37106.0","5745.0"
"37113.0","5773.0"
"37120.0","5785.0"
"37127.0","5796.0"
"37134.0","5751.0"
"37141.0","5829.0"
"37148.0","5814.0"
"37155.0","5789.0"
"37162.0","5735.0"
"37169.0","5736.0"
"37176.0","5515.0"
"37183.0","5828.0"
"37190.0","5879.0"
"37197.0","5859.0"
"37204.0","5863.0"
"37211.0","5872.0"
"37218.0","5882.0"
"37225.0","5873.0"
"37232.0","5856.0"
"37239.0","5884.0"
"37246.0","5911.0"
"37253.0","5902.0"
"37260.0","5922.0"
"37267.0","5922.0"
"37274.0","5911.0"
"37281.0","5909.0"
"37288.0","5916.0"
"37295.0","5952.0"
"37302.0","5927.0"
"37309.0","5956.0"
"37316.0","5966.0"
"37323.0","5947.0"
"37330.0","5975.0"
"37337.0","5948.0"
"37344.0","5956.0"
"37351.0","5916.0"
"37358.0","5922.0"
"37365.0","5896.0"
"37372.0","5865.0"
"37379.0","5879.0"
"37386.0","5889.0"
"37393.0","5894.0"
"37400.0","5890.0"
"37407.0","5896.0"
"37414.0","5897.0"
"37421.0","5910.0"
"37428.0","5939.0"
"37435.0","5917.0"
"37442.0","5898.0"
"37449.0","5885.0"
"37456.0","5839.0"
"37463.0","5844.0"
"37470.0","5604.0"
"37477.0","5858.0"
"37484.0","5907.0"
"37491.0","5918.0"
"37498.0","5883.0"
"37505.0","5773.0"
"37512.0","5716.0"
"37519.0","5736.0"
"37526.0","5190.0"
"37533.0","4803.0"
"37540.0","5490.0"
"37547.0","5721.0"
"37554.0","5714.0"
"37561.0","5711.0"
"37568.0","5349.0"
"37575.0","5738.0"
"37582.0","5754.0"
"37589.0","5740.0"
"37596.0","5763.0"
"37603.0","5752.0"
"37610.0","5758.0"
"37617.0","5749.0"
"37624.0","5752.0"
"37631.0","5728.0"
"37638.0","5702.0"
"37645.0","5739.0"
"37652.0","5764.0"
"37659.0","5899.0"
"37666.0","5906.0"
"37673.0","5898.0"
"37680.0","5901.0"
"37687.0","5872.0"
"37694.0","5886.0"
"37701.0","5906.0"
"37708.0","5906.0"
"37715.0","5866.0"
"37722.0","5801.0"
"37729.0","5772.0"
"37736.0","5766.0"
"37743.0","5829.0"
"37750.0","5855.0"
"37757.0","5807.0"
"37764.0","5813.0"
"37771.0","5837.0"
"37778.0","5803.0"
"37785.0","5860.0"
"37792.0","5900.0"
"37799.0","5867.0"
"37806.0","5815.0"
"37813.0","5770.0"
"37820.0","5777.0"
"37827.0","5699.0"
"37834.0","5738.0"
"37841.0","5747.0"
"37848.0","5750.0"
"37855.0","5736.0"
"37862.0","5723.0"
"37869.0","5727.0"
"37876.0","5703.0"
"37883.0","5739.0"
"37890.0","5734.0"
"37897.0","5678.0"
"37904.0","5559.0"
"37911.0","5605.0"
"37918.0","5614.0"
"37925.0","5550.0"
"37932.0","5596.0"
"37939.0","5692.0"
"37946.0","5683.0"
"37953.0","5709.0"
"37960.0","5597.0"
"37967.0","5592.0"
"37974.0","5663.0"
"37981.0","5658.0"
"37988.0","5664.0"
"37995.0","5705.0"
"38002.0","5717.0"
"38009.0","5709.0"
"38016.0","5710.0"
"38023.0","5703.0"
"38030.0","5658.0"
"38037.0","5622.0"
"38044.0","5661.0"
"38051.0","5675.0"
"38058.0","5658.0"
"38065.0","5657.0"
"38072.0","5658.0"
"38079.0","5661.0"
"38086.0","5611.0"
"38093.0","5588.0"
"38100.0","5618.0"
"38107.0","5624.0"
"38114.0","5626.0"
"38121.0","5611.0"
"38128.0","5608.0"
"38135.0","5460.0"
"38142.0","5452.0"
"38149.0","5411.0"
"38156.0","5434.0"
"38163.0","5394.0"
"38170.0","5404.0"
"38177.0","5485.0"
"38184.0","5334.0"
"38191.0","5446.0"
"38198.0","5367.0"
"38205.0","5414.0"
"38212.0","5243.0"
"38219.0","5113.0"
"38226.0","5401.0"
"38233.0","5360.0"
"38240.0","5337.0"
"38247.0","5087.0"
"38254.0","4946.0"
"38261.0","4656.0"
"38268.0","5033.0"
"38275.0","5090.0"
"38282.0","5110.0"
"38289.0","5176.0"
"38296.0","5319.0"
"38303.0","5391.0"
"38310.0","5395.0"
"38317.0","5408.0"
"38324.0","5396.0"
"38331.0","5439.0"
"38338.0","5461.0"
"38345.0","5421.0"
"38352.0","5430.0"
"38359.0","5430.0"
"38366.0","5417.0"
"38373.0","5456.0"
"38380.0","5437.0"
"38387.0","5421.0"
"38394.0","5427.0"
"38401.0","5436.0"
"38408.0","5492.0"
"38415.0","5489.0"
"38422.0","5504.0"
"38429.0","5480.0"
"38436.0","5496.0"
"38443.0","5504.0"
"38450.0","5428.0"
"38457.0","5441.0"
"38464.0","5415.0"
"38471.0","5423.0"
"38478.0","5510.0"
"38485.0","5521.0"
"38492.0","5539.0"
"38499.0","5537.0"
"38506.0","5515.0"
"38513.0","5542.0"
"38520.0","5541.0"
"38527.0","5359.0"
"38534.0","5498.0"
"38541.0","5463.0"
"38548.0","4758.0"
"38555.0","5448.0"
"38562.0","5149.0"
"38569.0","5417.0"
"38576.0","5359.0"
"38583.0","5395.0"
"38590.0","5427.0"
"38597.0","4360.0"
"38604.0","4268.0"
"38611.0","4500.0"
"38618.0","4348.0"
"38625.0","3813.0"
"38632.0","3901.0"
"38639.0","4147.0"
"38646.0","4108.0"
"38653.0","4068.0"
"38660.0","4306.0"
"38667.0","4583.0"
"38674.0","4579.0"
"38681.0","4765.0"
"38688.0","5021.0"
"38695.0","4933.0"
"38702.0","4890.0"
"38709.0","4891.0"
"38716.0","4864.0"
"38723.0","5023.0"
"38730.0","5110.0"
"38737.0","5119.0"
"38744.0","4862.0"
"38751.0","4903.0"
"38758.0","5003.0"
"38765.0","4997.0"
"38772.0","4985.0"
"38779.0","5054.0"
"38786.0","5154.0"
"38793.0","5027.0"
"38800.0","5016.0"
"38807.0","5024.0"
"38814.0","5053.0"
"38821.0","5125.0"
"38828.0","5127.0"
"38835.0","5122.0"
"38842.0","5128.0"
"38849.0","5069.0"
"38856.0","5093.0"
"38863.0","5088.0"
"38870.0","5097.0"
"38877.0","5211.0"
"38884.0","5198.0"
"38891.0","5162.0"
"38898.0","5129.0"
"38905.0","5275.0"
"38912.0","5265.0"
"38919.0","5141.0"
"38926.0","4940.0"
"38933.0","5144.0"
"38940.0","5150.0"
"38947.0","5087.0"
"38954.0","5099.0"
"38961.0","5101.0"
"38968.0","5076.0"
"38975.0","5109.0"
"38982.0","5106.0"
"38989.0","5151.0"
"38996.0","5253.0"
"39003.0","5132.0"
"39010.0","5221.0"
"39017.0","5307.0"
"39024.0","5329.0"
"39031.0","5326.0"
"39038.0","5269.0"
"39045.0","5030.0"
"39052.0","5368.0"
"39059.0","5357.0"
"39066.0","5348.0"
"39073.0","5361.0"
"39080.0","5369.0"
"39087.0","5370.0"
"39094.0","5317.0"
"39101.0","5241.0"
"39108.0","5224.0"
"39115.0","5283.0"
"39122.0","5316.0"
"39129.0","5323.0"
"39136.0","5285.0"
"39143.0","5267.0"
"39150.0","5218.0"
"39157.0","5235.0"
"39164.0","5218.0"
"39171.0","5243.0"
"39178.0","5179.0"
"39185.0","5125.0"
"39192.0","5128.0"
"39199.0","5089.0"
"39206.0","5131.0"
"39213.0","5201.0"
"39220.0","5207.0"
"39227.0","5148.0"
"39234.0","5180.0"
"39241.0","5170.0"
"39248.0","5093.0"
"39255.0","5108.0"
"39262.0","5122.0"
"39269.0","5198.0"
"39276.0","5201.0"
"39283.0","5184.0"
"39290.0","5206.0"
"39297.0","5142.0"
"39304.0","5192.0"
"39311.0","5119.0"
"39318.0","5161.0"
"39325.0","5021.0"
"39332.0","5129.0"
"39339.0","5039.0"
"39346.0","5027.0"
"39353.0","5064.0"
"39360.0","5059.0"
"39367.0","5102.0"
"39374.0","5122.0"
"39381.0","5114.0"
"39388.0","5126.0"
"39395.0","5134.0"
"39402.0","4942.0"
"39409.0","5117.0"
"39416.0","5133.0"
"39423.0","5117.0"
"39430.0","5110.0"
"39437.0","5117.0"
"39444.0","5078.0"
"39451.0","5051.0"
"39458.0","5013.0"
"39465.0","5042.0"
"39472.0","4998.0"
"39479.0","5013.0"
"39486.0","5044.0"
"39493.0","5034.0"
"39500.0","5044.0"
"39507.0","5050.0"
"39514.0","5100.0"
"39521.0","5100.0"
"39528.0","5103.0"
"39535.0","5087.0"
"39542.0","5097.0"
"39549.0","5096.0"
"39556.0","5101.0"
"39563.0","5098.0"
"39570.0","5099.0"
"39577.0","5128.0"
"39584.0","5045.0"
"39591.0","5128.0"
"39598.0","5139.0"
"39605.0","5114.0"
"39612.0","5145.0"
"39619.0","5120.0"
"39626.0","5123.0"
"39633.0","4960.0"
"39640.0","5139.0"
"39647.0","5165.0"
"39654.0","5160.0"
"39661.0","5172.0"
"39668.0","5139.0"
"39675.0","5078.0"
"39682.0","4906.0"
"39689.0","5097.0"
"39696.0","4084.0"
"39703.0","3988.0"
"39710.0","3932.0"
"39717.0","3839.0"
"39724.0","4422.0"
"39731.0","4572.0"
"39738.0","4630.0"
"39745.0","4675.0"
"39752.0","4776.0"
"39759.0","4885.0"
"39766.0","4943.0"
"39773.0","5006.0"
"39780.0","5118.0"
"39787.0","5152.0"
"39794.0","4967.0"
"39801.0","4972.0"
"39808.0","4979.0"
"39815.0","4935.0"
"39822.0","4917.0"
"39829.0","5052.0"
"39836.0","5045.0"
"39843.0","5235.0"
"39850.0","5327.0"
"39857.0","5323.0"
"39864.0","5300.0"
"39871.0","5373.0"
"39878.0","5401.0"
"39885.0","5414.0"
"39892.0","5432.0"
"39899.0","5480.0"
"39906.0","5469.0"
"39913.0","5482.0"
"39920.0","5421.0"
"39927.0","5269.0"
"39934.0","5280.0"
"39941.0","5306.0"
"39948.0","5352.0"
"39955.0","5364.0"
"39962.0","5358.0"
"39969.0","5358.0"
"39976.0","5273.0"
"39983.0","5257.0"
"39990.0","5163.0"
"39997.0","5171.0"
"40004.0","5171.0"
"40011.0","5176.0"
"40018.0","5107.0"
"40025.0","5246.0"
"40032.0","5172.0"
"40039.0","5169.0"
"40046.0","5173.0"
"40053.0","5244.0"
"40060.0","5266.0"
"40067.0","5304.0"
"40074.0","5300.0"
"40081.0","5375.0"
"40088.0","5360.0"
"40095.0","5377.0"
"40102.0","5371.0"
"40109.0","5357.0"
"40116.0","5391.0"
"40123.0","5506.0"
"40130.0","5317.0"
"40137.0","5433.0"
"40144.0","5561.0"
"40151.0","5538.0"
"40158.0","5524.0"
"40165.0","5524.0"
"40172.0","5512.0"
"40179.0","5507.0"
"40186.0","5496.0"
"40193.0","5404.0"
"40200.0","5421.0"
"40207.0","5403.0"
"40214.0","5475.0"
"40221.0","5482.0"
"40228.0","5505.0"
"40235.0","5510.0"
"40242.0","5527.0"
"40249.0","5540.0"
"40256.0","5536.0"
"40263.0","5489.0"
"40270.0","5473.0"
"40277.0","5475.0"
"40284.0","5466.0"
"40291.0","5488.0"
"40298.0","5522.0"
"40305.0","5533.0"
"40312.0","5516.0"
"40319.0","5540.0"
"40326.0","5320.0"
"40333.0","5445.0"
"40340.0","5503.0"
"40347.0","5501.0"
"40354.0","5257.0"
"40361.0","5414.0"
"40368.0","5352.0"
"40375.0","5460.0"
"40382.0","5486.0"
"40389.0","5440.0"
"40396.0","5239.0"
"40403.0","5352.0"
"40410.0","5511.0"
"40417.0","5602.0"
"40424.0","5603.0"
"40431.0","5573.0"
"40438.0","5556.0"
"40445.0","5562.0"
"40452.0","5514.0"
"40459.0","5528.0"
"40466.0","5536.0"
"40473.0","5540.0"
"40480.0","5593.0"
"40487.0","5596.0"
"40494.0","5597.0"
"40501.0","5581.0"
"40508.0","5555.0"
"40515.0","5582.0"
"40522.0","5604.0"
"40529.0","5598.0"
"40536.0","5575.0"
"40543.0","5598.0"
"40550.0","5575.0"
"40557.0","5205.0"
"40564.0","5321.0"
"40571.0","5568.0"
"40578.0","5597.0"
"40585.0","5610.0"
"40592.0","5604.0"
"40599.0","5591.0"
"40606.0","5593.0"
"40613.0","5591.0"
"40620.0","5570.0"
"40627.0","5568.0"
"40634.0","5638.0"
"40641.0","5635.0"
"40648.0","5625.0"
"40655.0","5610.0"
"40662.0","5623.0"
"40669.0","5609.0"
"40676.0","5618.0"
"40683.0","5583.0"
"40690.0","5609.0"
"40697.0","5633.0"
"40704.0","5643.0"
"40711.0","5650.0"
"40718.0","5593.0"
"40725.0","5520.0"
"40732.0","5578.0"
"40739.0","5591.0"
"40746.0","5377.0"
"40753.0","5523.0"
"40760.0","5529.0"
"40767.0","5561.0"
"40774.0","5591.0"
"40781.0","5598.0"
"40788.0","5642.0"
"40795.0","5083.0"
"40802.0","5747.0"
"40809.0","5756.0"
"40816.0","5800.0"
"40823.0","5878.0"
"40830.0","5891.0"
"40837.0","5876.0"
"40844.0","5818.0"
"40851.0","5846.0"
"40858.0","5894.0"
"40865.0","5887.0"
"40872.0","5864.0"
"40879.0","5861.0"
"40886.0","5862.0"
"40893.0","5862.0"
"40900.0","5846.0"
"40907.0","5851.0"
"40914.0","5844.0"
"40921.0","5726.0"
"40928.0","5722.0"
"40935.0","5720.0"
"40942.0","5763.0"
"40949.0","5819.0"
"40956.0","5817.0"
"40963.0","5814.0"
"40970.0","5806.0"
"40977.0","5830.0"
"40984.0","5826.0"
"40991.0","5821.0"
"40998.0","6049.0"
"41005.0","6040.0"
"41012.0","6043.0"
"41019.0","6113.0"
"41026.0","6121.0"
"41033.0","6136.0"
"41040.0","6149.0"
"41047.0","6239.0"
"41054.0","6227.0"
"41061.0","6245.0"
"41068.0","6236.0"
"41075.0","6353.0"
"41082.0","6257.0"
"41089.0","6094.0"
"41096.0","6249.0"
"41103.0","6245.0"
"41110.0","6364.0"
"41117.0","6320.0"
"41124.0","6218.0"
"41131.0","6181.0"
"41138.0","6246.0"
"41145.0","6258.0"
"41152.0","5486.0"
"41159.0","5526.0"
"41166.0","6277.0"
"41173.0","6509.0"
"41180.0","6520.0"
"41187.0","6598.0"
"41194.0","6606.0"
"41201.0","6610.0"
"41208.0","6669.0"
"41215.0","6677.0"
"41222.0","6709.0"
"41229.0","6710.0"
"41236.0","6818.0"
"41243.0","6817.0"
"41250.0","6852.0"
"41257.0","6863.0"
"41264.0","6984.0"
"41271.0","6985.0"
"41278.0","7002.0"
"41285.0","7041.0"
"41292.0","6989.0"
"41299.0","6993.0"
"41306.0","6997.0"
"41313.0","7064.0"
"41320.0","7118.0"
"41327.0","7096.0"
"41334.0","7093.0"
"41341.0","7159.0"
"41348.0","7150.0"
"41355.0","7151.0"
"41362.0","7151.0"
"41369.0","7181.0"
"41376.0","7208.0"
"41383.0","7326.0"
"41390.0","7312.0"
"41397.0","7369.0"
"41404.0","7321.0"
"41411.0","7258.0"
"41418.0","7292.0"
"41425.0","7300.0"
"41432.0","7224.0"
"41439.0","7129.0"
"41446.0","7261.0"
"41453.0","7267.0"
"41460.0","7401.0"
"41467.0","7490.0"
"41474.0","7555.0"
"41481.0","7542.0"
"41488.0","7560.0"
"41495.0","7571.0"
"41502.0","7518.0"
"41509.0","7609.0"
"41516.0","7621.0"
"41523.0","7745.0"
"41530.0","7827.0"
"41537.0","7777.0"
"41544.0","7784.0"
"41551.0","7809.0"
"41558.0","7428.0"
"41565.0","7896.0"
"41572.0","7853.0"
"41579.0","7858.0"
"41586.0","7981.0"
"41593.0","7974.0"
"41600.0","8019.0"
"41607.0","8011.0"
"41614.0","8075.0"
"41621.0","8058.0"
"41628.0","8111.0"
"41635.0","8121.0"
"41642.0","8145.0"
"41649.0","8159.0"
"41656.0","8052.0"
"41663.0","8044.0"
"41670.0","8044.0"
"41677.0","8132.0"
"41684.0","8148.0"
"41691.0","8059.0"
"41698.0","8077.0"
"41705.0","8182.0"
"41712.0","8215.0"
"41719.0","8190.0"
"41726.0","8192.0"
"41733.0","8229.0"
"41740.0","8301.0"
"41747.0","8360.0"
"41754.0","8352.0"
"41761.0","8350.0"
"41768.0","8428.0"
"41775.0","8434.0"
"41782.0","8472.0"
"41789.0","8383.0"
"41796.0","8460.0"
"41803.0","8477.0"
"41810.0","8446.0"
"41817.0","8442.0"
"41824.0","8514.0"
"41831.0","8592.0"
"41838.0","8565.0"
"41845.0","8443.0"
"41852.0","8453.0"
"41859.0","8556.0"
"41866.0","8577.0"
"41873.0","8631.0"
"41880.0","8630.0"
"41887.0","8590.0"
"41894.0","8838.0"
"41901.0","8867.0"
"41908.0","8837.0"
"41915.0","8875.0"
"41922.0","8951.0"
"41929.0","8934.0"
"41936.0","8970.0"
"41943.0","8972.0"
"41950.0","9063.0"
"41957.0","9004.0"
"41964.0","9077.0"
"41971.0","9083.0"
"41978.0","9118.0"
"41985.0","9137.0"
"41992.0","9127.0"
"41999.0","9121.0"
"42006.0","9132.0"
"42013.0","9192.0"
"42020.0","9186.0"
"42027.0","9213.0"
"42034.0","9177.0"
"42041.0","9226.0"
"42048.0","9280.0"
"42055.0","9285.0"
"42062.0","9324.0"
"42069.0","9366.0"
"42076.0","9419.0"
"42083.0","9422.0"
"42090.0","9386.0"
"42097.0","9404.0"
"42104.0","9384.0"
"42111.0","9366.0"
"42118.0","9373.0"
"42125.0","9369.0"
"42132.0","9374.0"
"42139.0","9262.0"
"42146.0","9566.0"
"42153.0","9586.0"
"42160.0","9610.0"
"42167.0","9589.0"
"42174.0","9604.0"
"42181.0","9595.0"
"42188.0","9604.0"
"42195.0","9562.0"
"42202.0","9558.0"
"42209.0","9413.0"
"42216.0","9465.0"
"42223.0","9395.0"
"42230.0","9348.0"
"42237.0","9337.0"
"42244.0","9218.0"
"42251.0","9135.0"
"42258.0","9117.0"
"42265.0","9136.0"
"42272.0","9096.0"
"42279.0","9172.0"
"42286.0","9096.0"
"42293.0","9096.0"
"42300.0","9112.0"
"42307.0","9160.0"
"42314.0","9185.0"
"42321.0","9182.0"
"42328.0","9165.0"
"42335.0","9202.0"
"42342.0","9164.0"
"42349.0","9176.0"
"42356.0","9179.0"
"42363.0","9202.0"
"42370.0","9219.0"
"42377.0","9227.0"
"42384.0","9235.0"
"42391.0","9221.0"
"42398.0","9214.0"
"42405.0","9186.0"
"42412.0","9135.0"
"42419.0","9102.0"
"42426.0","9077.0"
"42433.0","9078.0"
"42440.0","9068.0"
"42447.0","9038.0"
"42454.0","9022.0"
"42461.0","9008.0"
"42468.0","8977.0"
"42475.0","8953.0"
"42482.0","8938.0"
"42489.0","8825.0"
"42496.0","8802.0"
"42503.0","8791.0"
"42510.0","8767.0"
"42517.0","8735.0"
"42524.0","8745.0"
"42531.0","8716.0"
"42538.0","8677.0"
"42545.0","8622.0"
"42552.0","8428.0"
"42559.0","8485.0"
"42566.0","8494.0"
"42573.0","8515.0"
"42580.0","8460.0"
"42587.0","8445.0"
"42594.0","8597.0"
"42601.0","8548.0"
"42608.0","8488.0"
